obs_ID,observer,year,nest,start_time_video,end_dt,type,partner_present,dt_behaviour,behaviour,who,sex,comments
1,mb,2011,s303,2011-Jun-28 15:32:42,2011-Jun-28 16:02:26,ex,n,2011-Jun-28 15:58:11,c,o,f,"as Martin wrote in the comments of exchange table: new bird must have been present during the first call but was not visible, no bird flies in later from far side of the pond"
2,mb,2011,s303,2011-Jul-01 00:26:49,2011-Jul-01 00:55:36,ex,n,2011-Jul-01 00:40:48,c,o,m,
2,mb,2011,s303,2011-Jul-01 00:26:49,2011-Jul-01 00:55:36,ex,n,2011-Jul-01 00:44:06,c,o,m,
2,mb,2011,s303,2011-Jul-01 00:26:49,2011-Jul-01 00:55:36,ex,n,2011-Jul-01 00:44:07,c,o,m,
2,mb,2011,s303,2011-Jul-01 00:26:49,2011-Jul-01 00:55:36,ex,n,2011-Jul-01 00:44:25,c,o,m,
2,mb,2011,s303,2011-Jul-01 00:26:49,2011-Jul-01 00:55:36,ex,n,2011-Jul-01 00:45:15,c,o,m,
2,mb,2011,s303,2011-Jul-01 00:26:49,2011-Jul-01 00:55:36,ex,n,2011-Jul-01 00:45:19,c,o,m,
2,mb,2011,s303,2011-Jul-01 00:26:49,2011-Jul-01 00:55:36,ex,n,2011-Jul-01 00:46:06,c,o,m,
2,mb,2011,s303,2011-Jul-01 00:26:49,2011-Jul-01 00:55:36,ex,n,2011-Jul-01 00:49:23,c,o,m,
2,mb,2011,s303,2011-Jul-01 00:26:49,2011-Jul-01 00:55:36,ex,n,2011-Jul-01 00:49:57,c,o,m,
2,mb,2011,s303,2011-Jul-01 00:26:49,2011-Jul-01 00:55:36,ex,n,2011-Jul-01 00:51:17,c,o,m,
2,mb,2011,s303,2011-Jul-01 00:26:49,2011-Jul-01 00:55:36,ex,n,2011-Jul-01 00:51:33,c,o,m,
2,mb,2011,s303,2011-Jul-01 00:26:49,2011-Jul-01 00:55:36,ex,n,2011-Jul-01 00:54:57,c,o,m,
3,cm,2011,s303,2011-Jul-01 12:55:56,2011-Jul-01 13:06:40,ex,n,2011-Jul-01 12:58:23,f,o,f,
3,cm,2011,s303,2011-Jul-01 12:55:56,2011-Jul-01 13:06:40,ex,n,2011-Jul-01 13:06:40,c,o,f,
4,cm,2011,s303,2011-Jun-30 18:55:02,2011-Jun-30 19:20:31,non,n,2011-Jun-30 19:06:07,c,o,m,
4,cm,2011,s303,2011-Jun-30 18:55:02,2011-Jun-30 19:20:31,non,n,2011-Jun-30 19:16:03,c,o,m,
4,cm,2011,s303,2011-Jun-30 18:55:02,2011-Jun-30 19:20:31,non,n,2011-Jun-30 19:18:20,c,o,m,
5,cm,2011,s303,2011-Jul-01 01:01:40,2011-Jul-01 01:18:54,non,n,,n,o,f,
6,cm,2011,s303,2011-Jul-01 14:57:00,2011-Jul-01 15:07:44,non,n,,n,o,m,
7,mb,2011,s304,2011-Jun-11 09:36:33,2011-Jun-11 10:06:19,ex,n,,n,o,m,
8,mb,2011,s304,2011-Jun-11 18:13:29,2011-Jun-11 18:42:39,ex,y,2011-Jun-11 18:42:39,c,c,m,
9,cm,2011,s304,2011-Jun-12 00:03:37,2011-Jun-12 00:33:20 ,ex,n,,n,o,m,
10,cm,2011,s304,2011-Jun-12 08:08:09,2011-Jun-12 08:37:53,ex,n,2011-Jun-12 08:12:13,c,o,f,
10,cm,2011,s304,2011-Jun-12 08:08:09,2011-Jun-12 08:37:53,ex,n,2011-Jun-12 08:34:28,c,o,f,
11,cm,2011,s304,2011-Jun-13 02:50:56,2011-Jun-13 03:20:01,ex,y,2011-Jun-13 03:20:01,c,c,m,
11,cm,2011,s304,2011-Jun-13 02:50:56,2011-Jun-13 03:20:01,ex,y,2011-Jun-13 03:20:03,c,o,f,
12,cm,2011,s304,2011-Jun-13 10:29:21,2011-Jun-13 10:59:07,ex,n,,n,o,m,
13,cm,2011,s304,2011-Jun-14 22:10:25,2011-Jun-14 22:39:44,ex,n,2011-Jun-14 22:39:44,c,c,f,
14,cm,2011,s304,2011-Jun-15 09:58:09,2011-Jun-15 10:27:12,ex,y,2011-Jun-15 10:17:27,c,o,f,
14,cm,2011,s304,2011-Jun-15 09:58:09,2011-Jun-15 10:27:12,ex,y,2011-Jun-15 10:17:28,c,c,m,
14,cm,2011,s304,2011-Jun-15 09:58:09,2011-Jun-15 10:27:12,ex,y,2011-Jun-15 10:17:42,c,o,f,
14,cm,2011,s304,2011-Jun-15 09:58:09,2011-Jun-15 10:27:12,ex,y,2011-Jun-15 10:17:43,c,c,m,
15,cm,2011,s304,2011-Jun-15 19:04:25,2011-Jun-15 19:34:17,ex,,2011-Jun-15 19:06:31,c,o,m,
15,cm,2011,s304,2011-Jun-15 19:04:25,2011-Jun-15 19:34:17,ex,n,2011-Jun-15 19:06:31,f,o,m,
15,cm,2011,s304,2011-Jun-15 19:04:25,2011-Jun-15 19:34:17,ex,n,2011-Jun-15 19:07:53,c,o,m,
15,cm,2011,s304,2011-Jun-15 19:04:25,2011-Jun-15 19:34:17,ex,n,2011-Jun-15 19:09:40,c,o,m,
15,cm,2011,s304,2011-Jun-15 19:04:25,2011-Jun-15 19:34:17,ex,n,2011-Jun-15 19:10:17,f,o,m,
15,cm,2011,s304,2011-Jun-15 19:04:25,2011-Jun-15 19:34:17,ex,n,2011-Jun-15 19:10:17,c,o,m,
15,cm,2011,s304,2011-Jun-15 19:04:25,2011-Jun-15 19:34:17,ex,n,2011-Jun-15 19:19:41,c,o,m,
15,cm,2011,s304,2011-Jun-15 19:04:25,2011-Jun-15 19:34:17,ex,n,2011-Jun-15 19:27:13,c,o,m,
15,cm,2011,s304,2011-Jun-15 19:04:25,2011-Jun-15 19:34:17,ex,n,2011-Jun-15 19:33:50,c,o,m,
15,cm,2011,s304,2011-Jun-15 19:04:25,2011-Jun-15 19:34:17,ex,y,2011-Jun-15 19:34:10,c,c,f,
16,cm,2011,s304,2011-Jun-16 08:12:44,2011-Jun-16 08:42:09,ex,n,2011-Jun-16 08:19:57,c,o,f,
16,cm,2011,s304,2011-Jun-16 08:12:44,2011-Jun-16 08:42:09,ex,n,2011-Jun-16 08:20:04,c,o,f,
16,cm,2011,s304,2011-Jun-16 08:12:44,2011-Jun-16 08:42:09,ex,n,2011-Jun-16 08:21:22,c,o,f,
16,cm,2011,s304,2011-Jun-16 08:12:44,2011-Jun-16 08:42:09,ex,n,2011-Jun-16 08:41:34,c,o,f,
16,cm,2011,s304,2011-Jun-16 08:12:44,2011-Jun-16 08:42:09,ex,n,2011-Jun-16 08:42:01,c,o,f,
16,cm,2011,s304,2011-Jun-16 08:12:44,2011-Jun-16 08:42:09,ex,y,2011-Jun-16 08:42:09,c,c,m,
17,cm,2011,s304,2011-Jun-16 17:43:46,2011-Jun-16 18:13:19,ex,n,2011-Jun-16 17:47:48,c,o,m,
18,cm,2011,s304,2011-Jun-17 06:00:25,2011-Jun-17 06:29:21,ex,n,2011-Jun-17 06:12:40,c,o,f,
18,cm,2011,s304,2011-Jun-17 06:00:25,2011-Jun-17 06:29:21,ex,n,2011-Jun-17 06:12:48,c,o,f,
18,cm,2011,s304,2011-Jun-17 06:00:25,2011-Jun-17 06:29:21,ex,n,2011-Jun-17 06:12:57,c,o,f,
18,cm,2011,s304,2011-Jun-17 06:00:25,2011-Jun-17 06:29:21,ex,n,2011-Jun-17 06:13:06,c,o,f,
18,cm,2011,s304,2011-Jun-17 06:00:25,2011-Jun-17 06:29:21,ex,n,2011-Jun-17 06:13:20,c,o,f,
18,cm,2011,s304,2011-Jun-17 06:00:25,2011-Jun-17 06:29:21,ex,n,2011-Jun-17 06:13:26,c,o,f,
18,cm,2011,s304,2011-Jun-17 06:00:25,2011-Jun-17 06:29:21,ex,n,2011-Jun-17 06:13:31,c,o,f,
19,cm,2011,s304,2011-Jun-17 15:55:25,2011-Jun-17 16:25:17,ex,n,2011-Jun-17 16:22:13,c,o,m,
20,cm,2011,s304,2011-Jun-18 05:06:28,2011-Jun-18 05:35:28,ex,n,2011-Jun-18 05:20:58,c,o,f,
20,cm,2011,s304,2011-Jun-18 05:06:28,2011-Jun-18 05:35:28,ex,n,2011-Jun-18 05:21:12,c,o,f,
20,cm,2011,s304,2011-Jun-18 05:06:28,2011-Jun-18 05:35:28,ex,n,2011-Jun-18 05:35:30,c,o,f,
21,cm,2011,s304,2011-Jun-18 14:00:28,2011-Jun-18 14:30:08,ex,n,2011-Jun-18 14:25:43,c,o,m,
22,cm,2011,s304,2011-Jun-19 04:30:49,2011-Jun-19 05:00:26,ex,n,2011-Jun-19 04:46:24,c,o,f,
22,cm,2011,s304,2011-Jun-19 04:30:49,2011-Jun-19 05:00:26,ex,n,2011-Jun-19 04:51:12,c,o,f,
22,cm,2011,s304,2011-Jun-19 04:30:49,2011-Jun-19 05:00:26,ex,n,2011-Jun-19 04:51:28,c,o,f,
22,cm,2011,s304,2011-Jun-19 04:30:49,2011-Jun-19 05:00:26,ex,n,2011-Jun-19 04:51:43,c,o,f,
22,cm,2011,s304,2011-Jun-19 04:30:49,2011-Jun-19 05:00:26,ex,n,2011-Jun-19 04:52:03,c,o,f,
22,cm,2011,s304,2011-Jun-19 04:30:49,2011-Jun-19 05:00:26,ex,n,2011-Jun-19 04:52:14,c,o,f,
22,cm,2011,s304,2011-Jun-19 04:30:49,2011-Jun-19 05:00:26,ex,n,2011-Jun-19 04:52:42,c,o,f,
22,cm,2011,s304,2011-Jun-19 04:30:49,2011-Jun-19 05:00:26,ex,n,2011-Jun-19 04:54:11,c,o,f,
23,cm,2011,s304,2011-Jun-19 16:18:42,2011-Jun-19 16:48:17,ex,n,2011-Jun-19 16:19:19,c,o,m,
23,cm,2011,s304,2011-Jun-19 16:18:42,2011-Jun-19 16:48:17,ex,n,2011-Jun-19 16:43:51,c,o,m,
24,cm,2011,s304,2011-Jun-20 06:21:54,2011-Jun-20 06:51:19,ex,n,2011-Jun-20 06:47:53,c,o,f,
25,cm,2011,s304,2011-Jun-20 19:05:47,2011-Jun-20 19:35:23,ex,n,,n,o,m,
26,cm,2011,s304,2011-Jun-21 07:14:00,2011-Jun-21 07:43:22,ex,n,2011-Jun-21 07:37:02,c,o,f,
26,cm,2011,s304,2011-Jun-21 07:14:00,2011-Jun-21 07:43:22,ex,n,2011-Jun-21 07:41:48,c,o,f,
26,cm,2011,s304,2011-Jun-21 07:14:00,2011-Jun-21 07:43:22,ex,n,2011-Jun-21 07:43:06,c,o,f,
27,cm,2011,s304,2011-Jun-12 02:17:03,2011-Jun-12 02:46:47,non,n,,n,o,f,
28,cm,2011,s304,2011-Jun-13 06:26:30,2011-Jun-13 06:55:31,non,n,2011-Jun-13 06:32:40,c,o,m,
28,cm,2011,s304,2011-Jun-13 06:26:30,2011-Jun-13 06:55:31,non,n,2011-Jun-13 06:40:15,c,o,m,
29,cm,2011,s304,2011-Jun-14 15:48:38,2011-Jun-14 16:17:57,non,n,2011-Jun-14 16:06:15,c,o,m,
29,cm,2011,s304,2011-Jun-14 15:48:38,2011-Jun-14 16:17:57,non,n,2011-Jun-14 16:11:43,c,o,m,
30,cm,2011,s304,2011-Jun-15 01:14:57,2011-Jun-15 01:44:00,non,n,,n,o,f,
31,cm,2011,s304,2011-Jun-15 21:56:30,2011-Jun-15 22:26:22,non,n,2011-Jun-15 22:25:00,c,o,f,
32,cm,2011,s703,2011-Jun-18 19:35:58,2011-Jun-18 20:05:08,ex,n,2011-Jun-18 19:39:17,c,o,m,
32,cm,2011,s703,2011-Jun-18 19:35:58,2011-Jun-18 20:05:08,ex,n,2011-Jun-18 19:39:53,c,o,m,
32,cm,2011,s703,2011-Jun-18 19:35:58,2011-Jun-18 20:05:08,ex,n,2011-Jun-18 19:44:37,c,o,m,
32,cm,2011,s703,2011-Jun-18 19:35:58,2011-Jun-18 20:05:08,ex,n,2011-Jun-18 19:54:08,c,o,m,
32,cm,2011,s703,2011-Jun-18 19:35:58,2011-Jun-18 20:05:08,ex,n,2011-Jun-18 19:57:45,c,o,m,
33,mb,2011,s703,2011-Jun-19 06:16:06,2011-Jun-19 06:45:52,ex,n,2011-Jun-19 06:22:41,c,o,m,
34,cm,2011,s703,2011-Jun-19 17:57:50,2011-Jun-19 18:27:17,ex,n,2011-Jun-19 18:02:21,f,o,f,
34,cm,2011,s703,2011-Jun-19 17:57:50,2011-Jun-19 18:27:17,ex,n,2011-Jun-19 18:04:38,c,o,f,
35,cm,2011,s703,2011-Jun-20 04:14:53,2011-Jun-20 04:44:35,ex,n,2011-Jun-20 04:28:50,c,o,m,
36,cm,2011,s703,2011-Jun-20 18:21:02,2011-Jun-20 18:50:48,ex,n,2011-Jun-20 18:44:26,c,o,f,
36,cm,2011,s703,2011-Jun-20 18:21:02,2011-Jun-20 18:50:48,ex,n,2011-Jun-20 18:50:25,c,c,m,
36,cm,2011,s703,2011-Jun-20 18:21:02,2011-Jun-20 18:50:48,ex,n,2011-Jun-20 18:50:43,c,c,m,
37,cm,2011,s703,2011-Jun-21 06:17:05,2011-Jun-21 06:46:17,ex,n,2011-Jun-21 06:31:02,f,o,m,
37,cm,2011,s703,2011-Jun-21 06:17:05,2011-Jun-21 06:46:17,ex,n,2011-Jun-21 06:32:27,c,o,m,
37,cm,2011,s703,2011-Jun-21 06:17:05,2011-Jun-21 06:46:17,ex,n,2011-Jun-21 06:39:45,c,o,m,
38,cm,2011,s703,2011-Jun-19 12:57:10,2011-Jun-19 13:26:56,non,n,2011-Jun-19 13:08:16,f,o,f,
38,cm,2011,s703,2011-Jun-19 12:57:10,2011-Jun-19 13:26:56,non,n,2011-Jun-19 13:16:50,f,o,f,
39,cm,2011,s703,2011-Jun-19 21:35:33,2011-Jun-19 22:05:00,non,n,,n,o,m,
40,cm,2011,s703,2011-Jun-20 16:33:19,2011-Jun-20 17:03:01,non,n,,n,o,f,
41,cm,2011,s703,2011-Jun-20 20:50:27,2011-Jun-20 21:19:04,non,n,,n,o,m,
42,cm,2011,s703,2011-Jun-21 00:32:04,2011-Jun-21 01:01:16,non,n,,n,o,m,
43,cm,2011,s302,2011-Jun-18  18:12:37,2011-Jun-18 18:42:07,ex,n,2011-Jun-18 18:20:37,f,o,m,
43,cm,2011,s302,2011-Jun-18  18:12:37,2011-Jun-18 18:42:07,ex,n,2011-Jun-18 18:21:55,c,o,m,
43,cm,2011,s302,2011-Jun-18  18:12:37,2011-Jun-18 18:42:07,ex,n,2011-Jun-18 18:25:14,c,o,m,
44,cm,2011,s302,2011-Jun-18 16:57:00,2011-Jun-18 17:26:30,non,n,2011-Jun-18 17:02:45,c,o,m,"there was a fly-off, it was because of fieldworkers, though"
44,cm,2011,s302,2011-Jun-18 16:57:00,2011-Jun-18 17:26:30,non,n,2011-Jun-18 17:16:29,c,o,m,
45,cm,2011,s302,2011-Jun-19 15:34:53,2011-Jun-19 16:04:39,non,n,,n,o,m,
47,cm,2011,s513,2011-Jun-30 12:07:45,2011-Jun-30 12:37:21,ex,n,2011-Jun-30 12:19:08,c,o,f,
47,cm,2011,s513,2011-Jun-30 12:07:45,2011-Jun-30 12:37:21,ex,n,2011-Jun-30 12:36:35,c,c,m,
47,cm,2011,s513,2011-Jun-30 12:07:45,2011-Jun-30 12:37:21,ex,n,2011-Jun-30 12:36:46,c,c,m,
47,cm,2011,s513,2011-Jun-30 12:07:45,2011-Jun-30 12:37:21,ex,n,2011-Jun-30 12:36:56,c,c,m,
47,cm,2011,s513,2011-Jun-30 12:07:45,2011-Jun-30 12:37:21,ex,n,2011-Jun-30 12:37:12,c,c,m,
48,cm,2011,s513,2011-Jun-30 13:38:21,2011-Jun-30 13:57:57,non,n,2011-Jun-30 13:55:39,f,o,m,
49,cm,2011,s710,2011-Jun-28 17:12:32,2011-Jun-28 17:42:04,non,NA,2011-Jun-28 17:41:08,c,o,m,
50,cm,2011,s710,2011-Jun-28 20:00:22,2011-Jun-28 20:29:05,non,n,2011-Jun-28 20:03:47,c,o,f,
50,cm,2011,s710,2011-Jun-28 20:00:22,2011-Jun-28 20:29:05,non,n,2011-Jun-28 20:03:52,c,o,f,
51,cm,2012,s313,2012-Jun-28 05:32:36,2012-Jun-28 06:01:15,ex,n,2012-Jun-28 06:01:15,c,c,m,
52,cm,2012,s313,2012-Jun-28 22:45:00,2012-Jun-28 23:14:52,ex,n,,n,o,m,
53,cm,2012,s313,2012-Jun-28 13:40:40,2012-Jun-28 14:10:32,non,n,,n,o,m,
54,cm,2012,s313,2012-Jun-28 20:04:25,2012-Jun-28 20:32:54,non,n,2012-Jun-28 20:20:05,c,o,m,
55,cm,2012,s314,2012-Jun-27 23:05:44,2012-Jun-27 23:35:28,ex,n,2012-Jun-27 23:22:16,c,o,f,
55,cm,2012,s314,2012-Jun-27 23:05:44,2012-Jun-27 23:35:28,ex,n,2012-Jun-27 23:32:38,c,o,f,
56,cm,2012,s314,2012-Jun-28 00:05:00,2012-Jun-28 00:34:44,non,n,,n,o,m,
57,cm,2012,s403,2012-Jun-12 22:29:03,2012-Jun-12 22:57:12,ex,n,,n,o,m,
58,cm,2012,s403,2012-Jun-13 07:41:46,2012-Jun-13 08:11:06,ex,n,2012-Jun-13 07:52:02,c,o,f,
58,cm,2012,s403,2012-Jun-13 07:41:46,2012-Jun-13 08:11:06,ex,n,2012-Jun-13 08:09:50,c,o,f,
58,cm,2012,s403,2012-Jun-13 07:41:46,2012-Jun-13 08:11:06,ex,n,2012-Jun-13 08:10:18,c,o,f,
58,cm,2012,s403,2012-Jun-13 07:41:46,2012-Jun-13 08:11:06,ex,n,2012-Jun-13 08:10:32,c,o,f,
59,cm,2012,s403,2012-Jun-13 21:03:15,2012-Jun-13 21:31:15,ex,n,2012-Jun-13 21:29:04,c,o,m,
60,cm,2012,s403,2012-Jun-14 07:23:45,2012-Jun-14 07:53:24,ex,n,,n,o,f,
61,cm,2012,s403,2012-Jun-14 19:09:49,2012-Jun-14 19:39:20,ex,n,,n,o,m,
62,cm,2012,s403,2012-Jun-15 18:40:59,2012-Jun-15 19:10:18,ex,n,,n,o,m,
63,cm,2012,s403,2012-Jun-16 19:29:15,2012-Jun-16 19:58:48,ex,y,2012-Jun-16 19:58:48,c,c,f,
64,cm,2012,s403,2012-Jun-17 07:08:00,2012-Jun-17 07:37:34,ex,n,,n,o,f,
65,cm,2012,s403,2012-Jun-12 21:40:13,2012-Jun-12 22:08:22,non,n,,n,o,m,
66,cm,2012,s403,2012-Jun-13 03:30:00,2012-Jun-13 03:59:20,non,n,2012-Jun-13 03:34:13,c,o,f,
67,cm,2012,s403,2012-Jun-13 09:54:00,2012-Jun-13 10:24:00,non,n,,n,o,m,
68,cm,2012,s403,2012-Jun-14 09:45:00,2012-Jun-14 10:14:39,non,n,,n,o,m,
69,cm,2012,s403,2012-Jun-14 21:15:00,2012-Jun-14 21:44:31,non,n,,n,o,f,
70,cm,2012,s502,2000-Jan-04 09:11:17,2000-Jan-04 09:32:23,ex,n,2000-Jan-04 09:24:59 ,c,o,f,
70,cm,2012,s502,2000-Jan-04 09:11:17,2000-Jan-04 09:32:23,ex,n,2000-Jan-04 09:25:16,c,o,f,
70,cm,2012,s502,2000-Jan-04 09:11:17,2000-Jan-04 09:32:23,ex,n,2000-Jan-04 09:25:28 ,c,o,f,
70,cm,2012,s502,2000-Jan-04 09:11:17,2000-Jan-04 09:32:23,ex,n,2000-Jan-04 09:25:35,c,o,f,
70,cm,2012,s502,2000-Jan-04 09:11:17,2000-Jan-04 09:32:23,ex,n,2000-Jan-04 09:25:47 ,c,o,f,
70,cm,2012,s502,2000-Jan-04 09:11:17,2000-Jan-04 09:32:23,ex,n,2000-Jan-04 09:26:03,c,o,f,
71,cm,2012,s502,2000-Jan-04 18:31:05,2000-Jan-04 18:40:19,ex,n,2000-Jan-04 18:34:21,f,o,m,
71,cm,2012,s502,2000-Jan-04 18:31:05,2000-Jan-04 18:40:19,ex,n,2000-Jan-04 18:34:21,c,o,m,
72,cm,2012,s502,2000-Jan-05 07:46:15,2000-Jan-05 08:15:41,ex,n,2000-Jan-05 07:50:32,c,o,f,
72,cm,2012,s502,2000-Jan-05 07:46:15,2000-Jan-05 08:15:41,ex,n,2000-Jan-05 08:06:54,c,o,f,
72,cm,2012,s502,2000-Jan-05 07:46:15,2000-Jan-05 08:15:41,ex,n,2000-Jan-05 08:14:27,c,o,f,
72,cm,2012,s502,2000-Jan-05 07:46:15,2000-Jan-05 08:15:41,ex,n,2000-Jan-05 08:14:32,c,o,f,
72,cm,2012,s502,2000-Jan-05 07:46:15,2000-Jan-05 08:15:41,ex,n,2000-Jan-05 08:14:39,c,o,f,
72,cm,2012,s502,2000-Jan-05 07:46:15,2000-Jan-05 08:15:41,ex,n,2000-Jan-05 08:14:49,c,o,f,
72,cm,2012,s502,2000-Jan-05 07:46:15,2000-Jan-05 08:15:41,ex,n,2000-Jan-05 08:15:09,c,o,f,
72,cm,2012,s502,2000-Jan-05 07:46:15,2000-Jan-05 08:15:41,ex,y,2000-Jan-05 08:15:41,c,c,m,
73,cm,2012,s502,2000-Jan-05 18:30:37,2000-Jan-05 19:00:18,ex,y,2000-Jan-05 19:00:18,c,c,f,
74,cm,2012,s502,2000-Jan-06 07:51:52,2000-Jan-06 08:20:03,ex,n,2000-Jan-06 08:06:31,c,o,f,
74,cm,2012,s502,2000-Jan-06 07:51:52,2000-Jan-06 08:20:03,ex,n,2000-Jan-06 08:09:54,c,o,f,
74,cm,2012,s502,2000-Jan-06 07:51:52,2000-Jan-06 08:20:03,ex,n,2000-Jan-06 08:09:56,c,o,f,
74,cm,2012,s502,2000-Jan-06 07:51:52,2000-Jan-06 08:20:03,ex,n,2000-Jan-06 08:10:00,c,o,f,
74,cm,2012,s502,2000-Jan-06 07:51:52,2000-Jan-06 08:20:03,ex,n,2000-Jan-06 08:10:03,c,o,f,
74,cm,2012,s502,2000-Jan-06 07:51:52,2000-Jan-06 08:20:03,ex,n,2000-Jan-06 08:10:05,c,o,f,
74,cm,2012,s502,2000-Jan-06 07:51:52,2000-Jan-06 08:20:03,ex,n,2000-Jan-06 08:19:14,c,o,f,
74,cm,2012,s502,2000-Jan-06 07:51:52,2000-Jan-06 08:20:03,ex,n,2000-Jan-06 08:19:24,c,o,f,
74,cm,2012,s502,2000-Jan-06 07:51:52,2000-Jan-06 08:20:03,ex,n,2000-Jan-06 08:19:33,c,o,f,
74,cm,2012,s502,2000-Jan-06 07:51:52,2000-Jan-06 08:20:03,ex,n,2000-Jan-06 08:19:50,c,o,f,
74,cm,2012,s502,2000-Jan-06 07:51:52,2000-Jan-06 08:20:03,ex,n,2000-Jan-06 08:20:02,c,o,f,
74,cm,2012,s502,2000-Jan-06 07:51:52,2000-Jan-06 08:20:03,ex,y,2000-Jan-06 08:20:03,c,c,m,
75,cm,2012,s502,2000-Jan-06 17:34:40,2000-Jan-06 18:04:05,ex,n,2000-Jan-06 17:53:41,c,o,m,
75,cm,2012,s502,2000-Jan-06 17:34:40,2000-Jan-06 18:04:05,ex,n,2000-Jan-06 17:53:46,c,o,m,
75,cm,2012,s502,2000-Jan-06 17:34:40,2000-Jan-06 18:04:05,ex,n,2000-Jan-06 17:53:46,f,o,m,
76,cm,2012,s502,2000-Jan-04 07:09:16,2000-Jan-04 07:30:22,non,n,2000-Jan-04 07:11:18,c,o,f,
77,cm,2012,s502,2000-Jan-04 14:18:16,2000-Jan-04 14:47:30,non,n,,n,o,m,
78,cm,2012,s502,2000-Jan-05 12:27:40,2000-Jan-05 12:57:06,non,n,,n,o,m,
79,cm,2012,s502,2000-Jan-05 16:10:18,2000-Jan-05 16:39:59,non,n,,n,o,m,
80,cm,2012,s502,2000-Jan-06 11:07:50,2000-Jan-06 11:37:15,non,n,,n,o,m,
81,cm,2012,s506,2012-Jun-19 17:35:28,2012-Jun-19 18:02:29,ex,n,2012-Jun-19 17:35:28,f,o,m,
81,cm,2012,s506,2012-Jun-19 17:35:28,2012-Jun-19 18:02:29,ex,n,2012-Jun-19 17:35:16,c,o,m,
82,cm,2012,s506,2012-Jun-20 04:48:23,2012-Jun-20 05:18:06,ex,n,2012-Jun-20 05:10:36,c,o,f,
83,cm,2012,s506,2012-Jun-20 10:53:20,2012-Jun-20 11:22:39,ex,n,2012-Jun-20 11:03:10,c,o,m,
83,cm,2012,s506,2012-Jun-20 10:53:20,2012-Jun-20 11:22:39,ex,n,2012-Jun-20 11:03:29,c,o,m,
83,cm,2012,s506,2012-Jun-20 10:53:20,2012-Jun-20 11:22:39,ex,n,2012-Jun-20 11:03:50,c,o,m,
83,cm,2012,s506,2012-Jun-20 10:53:20,2012-Jun-20 11:22:39,ex,n,2012-Jun-20 11:17:56,c,o,m,
83,cm,2012,s506,2012-Jun-20 10:53:20,2012-Jun-20 11:22:39,ex,n,2012-Jun-20 11:20:46,c,o,m,
83,cm,2012,s506,2012-Jun-20 10:53:20,2012-Jun-20 11:22:39,ex,n,2012-Jun-20 11:22:06,c,o,m,
84,cm,2012,s506,2012-Jun-20 18:01:18,2012-Jun-20 18:30:48,ex,n,2012-Jun-20 18:07:34,c,o,f,
84,cm,2012,s506,2012-Jun-20 18:01:18,2012-Jun-20 18:30:48,ex,n,2012-Jun-20 18:07:45,c,o,f,
84,cm,2012,s506,2012-Jun-20 18:01:18,2012-Jun-20 18:30:48,ex,n,2012-Jun-20 18:08:13,f,o,f,
84,cm,2012,s506,2012-Jun-20 18:01:18,2012-Jun-20 18:30:48,ex,n,2012-Jun-20 18:17:12,c,o,f,
84,cm,2012,s506,2012-Jun-20 18:01:18,2012-Jun-20 18:30:48,ex,y,2012-Jun-20 18:30:43,c,o,f,
85,cm,2012,s506,2012-Jun-21 05:01:46,2012-Jun-21 05:30:41,ex,n,2012-Jun-21 05:02:20,c,o,m,
85,cm,2012,s506,2012-Jun-21 05:01:46,2012-Jun-21 05:30:41,ex,n,2012-Jun-21 05:02:30,c,o,m,
85,cm,2012,s506,2012-Jun-21 05:01:46,2012-Jun-21 05:30:41,ex,n,2012-Jun-21 05:02:35,c,o,m,
86,cm,2012,s506,2012-Jun-19 15:56:20,2012-Jun-19 16:23:21,non,n,,n,o,m,
87,cm,2012,s506,2012-Jun-20 03:04:45,2012-Jun-20 03:34:28,non,n,,n,o,f,
88,cm,2012,s506,2012-Jun-20 06:18:26,2012-Jun-20 06:47:15,non,n,2012-Jun-20 06:18:26,c,o,m,
89,cm,2012,s506,2012-Jun-20 23:05:04,2012-Jun-20 23:34:34,non,n,,n,o,m,
90,cm,2012,s506,2012-Jun-21 08:51:59,2012-Jun-21 09:20:54,non,n,,n,o,f,
91,cm,2012,s511,2012-Jun-30 21:42:44,2012-Jun-30 22:12:02,ex,n,,n,o,m,
92,cm,2012,s511,2012-Jul-01 10:33:51,2012-Jul-01 11:03:34,ex,n,,n,o,f,
93,cm,2012,s511,2012-Jul-01 22:00:38,2012-Jul-01 22:29:56,ex,n,2012-Jul-01 22:09:07,f,o,m,
94,cm,2012,s511,2012-Jul-02 10:39:17,2012-Jul-02 11:08:51,ex,n,,n,o,f,
95,cm,2012,s511,2012-Jul-02 22:03:59,2012-Jul-02 22:33:23,ex,n,2012-Jul-02 22:08:08,c,o,m,
95,cm,2012,s511,2012-Jul-02 22:03:59,2012-Jul-02 22:33:23,ex,n,2012-Jul-02 22:08:17,c,o,m,
95,cm,2012,s511,2012-Jul-02 22:03:59,2012-Jul-02 22:33:23,ex,n,2012-Jul-02 22:08:36,c,o,m,
95,cm,2012,s511,2012-Jul-02 22:03:59,2012-Jul-02 22:33:23,ex,n,2012-Jul-02 22:11:35,c,o,m,
96,cm,2012,s511,2012-Jul-03 09:06:58,2012-Jul-03 09:34:51,ex,n,,n,o,f,
97,cm,2012,s511,2012-Jul-03 21:18:42,2012-Jul-03 21:47:55,ex,n,,n,o,m,
98,cm,2012,s511,2012-Jun-30 23:17:24,2012-Jun-30 23:46:42,non,n,,n,o,f,
99,cm,2012,s511,2012-Jul-01 02:23:20,2012-Jul-01 02:53:03,non,n,,n,o,f,
100,cm,2012,s511,2012-Jul-01 04:51:30,2012-Jul-01 05:20:48,non,n,,n,o,f,
101,cm,2012,s511,2012-Jul-02 12:49:20,2012-Jul-02 13:18:54,non,n,,n,o,m,
102,cm,2012,s511,2012-Jul-03 19:08:14,2012-Jul-03 19:36:07,non,n,,n,o,m,
103,cm,2012,s609,2012-Jun-24 19:08:18,2012-Jun-24 19:37:30,ex,n,,n,o,m,
104,cm,2012,s609,2012-Jun-25 05:37:00,2012-Jun-25 06:06:24,ex,n,,n,o,f,
105,cm,2012,s609,2012-Jun-26 20:03:19,2012-Jun-26 20:32:59,ex,n,,n,o,m,
106,cm,2012,s609,2012-Jun-24 17:50:30,2012-Jun-24 18:19:42,non,n,,n,o,m,
107,cm,2012,s609,2012-Jun-25 07:06:54,2012-Jun-25 07:36:18,non,n,,n,o,m,
108,cm,2012,s609,2012-Jun-26 21:25:00,2012-Jun-26 21:54:40,non,n,,n,o,f,
109,cm,2012,s705,2012-Jun-13 21:55:06,2012-Jun-13 22:24:55,ex,n,2012-Jun-13 21:55:28,c,o,m,
109,cm,2012,s705,2012-Jun-13 21:55:06,2012-Jun-13 22:24:55,ex,n,2012-Jun-13 22:04:27,c,o,m,
110,cm,2012,s705,2012-Jun-14 07:51:11,2012-Jun-14 08:20:48,ex,n,2012-Jun-14 08:02:25,c,o,f,
110,cm,2012,s705,2012-Jun-14 07:51:11,2012-Jun-14 08:20:48,ex,n,2012-Jun-14 08:18:45,c,o,f,
110,cm,2012,s705,2012-Jun-14 07:51:11,2012-Jun-14 08:20:48,ex,n,2012-Jun-14 08:20:21,c,o,f,
111,cm,2012,s705,2012-Jun-14 13:55:13,2012-Jun-14 14:24:33,ex,n,2012-Jun-14 14:06:41,c,o,m,
111,cm,2012,s705,2012-Jun-14 13:55:13,2012-Jun-14 14:24:33,ex,n,2012-Jun-14 14:19:13,c,o,m,
112,cm,2012,s705,2012-Jun-14 18:06:47,2012-Jun-14 18:36:18,ex,n,2012-Jun-14 18:16:41,c,o,f,
112,cm,2012,s705,2012-Jun-14 18:06:47,2012-Jun-14 18:36:18,ex,n,2012-Jun-14 18:13:48,f,o,f,
112,cm,2012,s705,2012-Jun-14 18:06:47,2012-Jun-14 18:36:18,ex,n,2012-Jun-14 18:16:50,c,o,f,
112,cm,2012,s705,2012-Jun-14 18:06:47,2012-Jun-14 18:36:18,ex,n,2012-Jun-14 18:16:55,c,o,f,
112,cm,2012,s705,2012-Jun-14 18:06:47,2012-Jun-14 18:36:18,ex,n,2012-Jun-14 18:17:00,c,o,f,
112,cm,2012,s705,2012-Jun-14 18:06:47,2012-Jun-14 18:36:18,ex,n,2012-Jun-14 18:17:04,c,o,f,
112,cm,2012,s705,2012-Jun-14 18:06:47,2012-Jun-14 18:36:18,ex,n,2012-Jun-14 18:34:51,c,o,f,
297,dt,2012,s705,2012-Jun-14 23:32:49,2012-Jun-15 00:02:26,ex,n,2012-Jun-14 23:32:51,c,o,m,
297,dt,2012,s705,2012-Jun-14 23:32:49,2012-Jun-15 00:02:26,ex,n,2012-Jun-14 23:41:18,c,o,m,
297,dt,2012,s705,2012-Jun-14 23:32:49,2012-Jun-15 00:02:26,ex,n,2012-Jun-14 23:48:51,c,o,m,
297,dt,2012,s705,2012-Jun-14 23:32:49,2012-Jun-15 00:02:26,ex,n,2012-Jun-14 23:55:23,c,o,m,
113,cm,2012,s705,2012-Jun-15 08:50:05,2012-Jun-15 09:19:45,ex,n,2012-Jun-15 08:55:17,c,o,f,
113,cm,2012,s705,2012-Jun-15 08:50:05,2012-Jun-15 09:19:45,ex,n,2012-Jun-15 09:16:06,c,o,f,
113,cm,2012,s705,2012-Jun-15 08:50:05,2012-Jun-15 09:19:45,ex,n,2012-Jun-15 09:16:10,c,o,f,
114,cm,2012,s705,2012-Jun-15 15:09:13,2012-Jun-15 15:38:44,ex,n,2012-Jun-15 15:28:51,c,o,m,
114,cm,2012,s705,2012-Jun-15 15:09:13,2012-Jun-15 15:38:44,ex,n,2012-Jun-15 15:38:05,c,o,m,
114,cm,2012,s705,2012-Jun-15 15:09:13,2012-Jun-15 15:38:44,ex,y,2012-Jun-15 15:38:44,c,c,f,
115,cm,2012,s705,2012-Jun-16 02:11:11,2012-Jun-16 02:40:50,ex,n,2012-Jun-16 02:16:01,c,o,f,
115,cm,2012,s705,2012-Jun-16 02:11:11,2012-Jun-16 02:40:50,ex,n,2012-Jun-16 02:16:08,c,o,f,
115,cm,2012,s705,2012-Jun-16 02:11:11,2012-Jun-16 02:40:50,ex,n,2012-Jun-16 02:36:02,c,o,f,
116,cm,2012,s705,2012-Jun-16 10:54:49,2012-Jun-16 11:24:30,ex,n,,n,o,m,
117,cm,2012,s705,2012-Jun-16 20:32:31,2012-Jun-16 21:02:12,ex,n,2012-Jun-16 20:42:42,c,o,f,
117,cm,2012,s705,2012-Jun-16 20:32:31,2012-Jun-16 21:02:12,ex,n,2012-Jun-16 20:50:23,c,o,f,
117,cm,2012,s705,2012-Jun-16 20:32:31,2012-Jun-16 21:02:12,ex,n,2012-Jun-16 20:52:10,c,o,f,
117,cm,2012,s705,2012-Jun-16 20:32:31,2012-Jun-16 21:02:12,ex,n,2012-Jun-16 20:52:14,c,o,f,
117,cm,2012,s705,2012-Jun-16 20:32:31,2012-Jun-16 21:02:12,ex,n,2012-Jun-16 20:52:18,c,o,f,
117,cm,2012,s705,2012-Jun-16 20:32:31,2012-Jun-16 21:02:12,ex,n,2012-Jun-16 20:52:22,c,o,f,
117,cm,2012,s705,2012-Jun-16 20:32:31,2012-Jun-16 21:02:12,ex,n,2012-Jun-16 20:52:28,c,o,f,
117,cm,2012,s705,2012-Jun-16 20:32:31,2012-Jun-16 21:02:12,ex,n,2012-Jun-16 21:01:33,c,o,f,
118,cm,2012,s705,2012-Jun-17 06:43:01,2012-Jun-17 07:12:35,ex,n,2012-Jun-17 06:44:52,c,o,m,
118,cm,2012,s705,2012-Jun-17 06:43:01,2012-Jun-17 07:12:35,ex,n,2012-Jun-17 06:44:56,c,o,m,
118,cm,2012,s705,2012-Jun-17 06:43:01,2012-Jun-17 07:12:35,ex,n,2012-Jun-17 06:51:08,c,o,m,
118,cm,2012,s705,2012-Jun-17 06:43:01,2012-Jun-17 07:12:35,ex,n,2012-Jun-17 06:51:10,c,o,m,
118,cm,2012,s705,2012-Jun-17 06:43:01,2012-Jun-17 07:12:35,ex,n,2012-Jun-17 06:51:14,c,o,m,
118,cm,2012,s705,2012-Jun-17 06:43:01,2012-Jun-17 07:12:35,ex,n,2012-Jun-17 06:51:17,c,o,m,
118,cm,2012,s705,2012-Jun-17 06:43:01,2012-Jun-17 07:12:35,ex,n,2012-Jun-17 06:53:09,c,o,m,
118,cm,2012,s705,2012-Jun-17 06:43:01,2012-Jun-17 07:12:35,ex,n,2012-Jun-17 07:04:53,c,o,m,
118,cm,2012,s705,2012-Jun-17 06:43:01,2012-Jun-17 07:12:35,ex,n,2012-Jun-17 07:05:03,c,o,m,
118,cm,2012,s705,2012-Jun-17 06:43:01,2012-Jun-17 07:12:35,ex,n,2012-Jun-17 07:05:05,c,o,m,
118,cm,2012,s705,2012-Jun-17 06:43:01,2012-Jun-17 07:12:35,ex,n,2012-Jun-17 07:06:06,c,o,m,
119,cm,2012,s705,2012-Jun-13 23:45:49,2012-Jun-14 00:15:38,non,n,2012-Jun-13 23:45:51,c,o,f,
119,cm,2012,s705,2012-Jun-13 23:45:49,2012-Jun-14 00:15:38,non,n,2012-Jun-13 23:46:25,c,o,f,
119,cm,2012,s705,2012-Jun-13 23:45:49,2012-Jun-14 00:15:38,non,n,2012-Jun-13 23:52:44,c,o,f,
119,cm,2012,s705,2012-Jun-13 23:45:49,2012-Jun-14 00:15:38,non,n,2012-Jun-13 23:57:20,c,o,f,
120,cm,2012,s705,2012-Jun-14 15:04:54,2012-Jun-14 15:34:31,non,n,2012-Jun-14 15:04:59,c,o,f,
120,cm,2012,s705,2012-Jun-14 15:04:54,2012-Jun-14 15:34:31,non,n,2012-Jun-14 15:09:10,c,o,f,
120,cm,2012,s705,2012-Jun-14 15:04:54,2012-Jun-14 15:34:31,non,n,2012-Jun-14 15:11:00,c,o,f,
121,cm,2012,s705,2012-Jun-14 19:00:14,2012-Jun-14 19:29:34,non,n,2012-Jun-14 19:27:25,c,o,m,
122,cm,2012,s705,2012-Jun-15 07:08:30,2012-Jun-15 07:38:01,non,n,2012-Jun-15 07:35:45,c,o,f,
122,cm,2012,s705,2012-Jun-15 07:08:30,2012-Jun-15 07:38:01,non,n,2012-Jun-15 07:34:35,f,o,f,
122,cm,2012,s705,2012-Jun-15 07:08:30,2012-Jun-15 07:38:01,non,n,2012-Jun-15 07:35:49,c,o,f,
122,cm,2012,s705,2012-Jun-15 07:08:30,2012-Jun-15 07:38:01,non,n,2012-Jun-15 07:36:17,c,o,f,
123,cm,2012,s705,2012-Jun-16 06:54:00,2012-Jun-16 07:23:39,non,n,2012-Jun-16 07:21:45,c,o,m,
124,cm,2012,s706,2012-Jun-17 21:42:10,2012-Jun-17 22:11:39,ex,n,2012-Jun-17 21:42:12,c,o,f,
124,cm,2012,s706,2012-Jun-17 21:42:10,2012-Jun-17 22:11:39,ex,n,2012-Jun-17 22:00:49,c,o,f,
124,cm,2012,s706,2012-Jun-17 21:42:10,2012-Jun-17 22:11:39,ex,n,2012-Jun-17 22:00:18,c,o,f,
124,cm,2012,s706,2012-Jun-17 21:42:10,2012-Jun-17 22:11:39,ex,n,2012-Jun-17 22:10:14,c,o,f,
125,cm,2012,s706,2012-Jun-18 09:19:20,2012-Jun-18 09:48:50,ex,n,2012-Jun-18 09:33:10,c,o,m,
125,cm,2012,s706,2012-Jun-18 09:19:20,2012-Jun-18 09:48:50,ex,n,2012-Jun-18 09:34:01,c,o,m,
125,cm,2012,s706,2012-Jun-18 09:19:20,2012-Jun-18 09:48:50,ex,n,2012-Jun-18 09:34:25,c,o,m,
125,cm,2012,s706,2012-Jun-18 09:19:20,2012-Jun-18 09:48:50,ex,n,2012-Jun-18 09:36:14,c,o,m,
125,cm,2012,s706,2012-Jun-18 09:19:20,2012-Jun-18 09:48:50,ex,n,2012-Jun-18 09:37:21,c,o,m,
125,cm,2012,s706,2012-Jun-18 09:19:20,2012-Jun-18 09:48:50,ex,n,2012-Jun-18 09:47:34,c,o,m,
125,cm,2012,s706,2012-Jun-18 09:19:20,2012-Jun-18 09:48:50,ex,n,2012-Jun-18 09:48:38,c,o,m,
126,cm,2012,s706,2012-Jun-18 21:20:29,2012-Jun-18 21:50:10,ex,n,,n,o,f,
127,cm,2012,s706,2012-Jun-19 08:30:34,2012-Jun-19 08:59:55,ex,n,2012-Jun-19 08:51:11,c,o,m,
127,cm,2012,s706,2012-Jun-19 08:30:34,2012-Jun-19 08:59:55,ex,n,2012-Jun-19 08:59:43,c,o,m,
127,cm,2012,s706,2012-Jun-19 08:30:34,2012-Jun-19 08:59:55,ex,n,2012-Jun-19 08:59:52,c,o,m,
127,cm,2012,s706,2012-Jun-19 08:30:34,2012-Jun-19 08:59:55,ex,y,2012-Jun-19 09:00:00,c,c,f,
128,cm,2012,s706,2012-Jun-19 18:19:34,2012-Jun-19 18:49:10,ex,n,2012-Jun-19 18:33:21,c,o,f,
128,cm,2012,s706,2012-Jun-19 18:19:34,2012-Jun-19 18:49:10,ex,n,2012-Jun-19 18:42:09,c,o,f,
128,cm,2012,s706,2012-Jun-19 18:19:34,2012-Jun-19 18:49:10,ex,n,2012-Jun-19 18:44:20,c,o,f,
129,cm,2012,s706,2012-Jun-20 05:00:06,2012-Jun-20 05:29:35,ex,y,2012-Jun-20 05:29:33,c,o,m,
129,cm,2012,s706,2012-Jun-20 05:00:06,2012-Jun-20 05:29:35,ex,y,2012-Jun-20 05:29:33,c,c,f,
130,cm,2012,s706,2012-Jun-17 23:18:50,2012-Jun-17 23:48:19,non,n,2012-Jun-17 23:25:52,c,o,m,
130,cm,2012,s706,2012-Jun-17 23:18:50,2012-Jun-17 23:48:19,non,n,2012-Jun-17 23:42:10,c,o,m,
131,cm,2012,s706,2012-Jun-18 06:00:48,2012-Jun-18 06:30:18,non,n,2012-Jun-18 06:07:16,c,o,m,
131,cm,2012,s706,2012-Jun-18 06:00:48,2012-Jun-18 06:30:18,non,n,2012-Jun-18 06:08:06,c,o,m,
131,cm,2012,s706,2012-Jun-18 06:00:48,2012-Jun-18 06:30:18,non,n,2012-Jun-18 06:22:00,c,o,m,
131,cm,2012,s706,2012-Jun-18 06:00:48,2012-Jun-18 06:30:18,non,n,2012-Jun-18 06:22:03,f,o,m,
131,cm,2012,s706,2012-Jun-18 06:00:48,2012-Jun-18 06:30:18,non,n,2012-Jun-18 06:23:45,c,o,m,
131,cm,2012,s706,2012-Jun-18 06:00:48,2012-Jun-18 06:30:18,non,n,2012-Jun-18 06:23:51,c,o,m,
131,cm,2012,s706,2012-Jun-18 06:00:48,2012-Jun-18 06:30:18,non,n,2012-Jun-18 06:23:53,c,o,m,
132,cm,2012,s706,2012-Jun-19 11:47:10,2012-Jun-19 12:16:31,non,n,,n,o,f,
133,cm,2012,s706,2012-Jun-19 21:12:00,2012-Jun-19 21:41:36,non,n,,n,o,m,
134,cm,2012,s706,2012-Jun-20 09:11:50,2012-Jun-20 09:41:19,non,n,,n,o,f,
135,cm,2012,s708,2012-Jun-16 09:54:15,2012-Jun-16 10:23:19 ,ex,n,2012-Jun-16 10:01:12,c,o,f,
136,cm,2012,s708,2012-Jun-16 21:42:48,2012-Jun-16 22:12:27,ex,n,2012-Jun-16 21:52:58,c,o,m,
136,cm,2012,s708,2012-Jun-16 21:42:48,2012-Jun-16 22:12:27,ex,n,2012-Jun-16 22:03:50,c,o,m,
137,cm,2012,s708,2012-Jun-17 10:56:20,2012-Jun-17 11:24:58,ex,n,2012-Jun-17 11:23:14,c,o,f,
137,cm,2012,s708,2012-Jun-17 10:56:20,2012-Jun-17 11:24:58,ex,y,2012-Jun-17 11:25:00,c,o,f,
137,cm,2012,s708,2012-Jun-17 10:56:20,2012-Jun-17 11:24:58,ex,y,2012-Jun-17 11:25:00,c,c,m,
137,cm,2012,s708,2012-Jun-17 10:56:20,2012-Jun-17 11:24:58,ex,y,2012-Jun-17 11:25:39,c,c,m,
138,cm,2012,s708,2012-Jun-17 23:20:43,2012-Jun-17 23:50:18,ex,n,2012-Jun-17 23:25:35,c,o,m,
138,cm,2012,s708,2012-Jun-17 23:20:43,2012-Jun-17 23:50:18,ex,n,2012-Jun-17 23:38:34,c,o,m,
138,cm,2012,s708,2012-Jun-17 23:20:43,2012-Jun-17 23:50:18,ex,n,2012-Jun-17 23:38:36,c,o,m,
138,cm,2012,s708,2012-Jun-17 23:20:43,2012-Jun-17 23:50:18,ex,n,2012-Jun-17 23:44:28,c,o,m,
139,cm,2012,s708,2012-Jun-16 06:56:48,2012-Jun-16 07:26:27,non,n,2012-Jun-16 07:04:52,c,o,f,
139,cm,2012,s708,2012-Jun-16 06:56:48,2012-Jun-16 07:26:27,non,n,2012-Jun-16 07:20:58,c,o,f,
139,cm,2012,s708,2012-Jun-16 06:56:48,2012-Jun-16 07:26:27,non,n,2012-Jun-16 07:21:20,c,o,f,
140,cm,2012,s708,2012-Jun-16 12:27:52,2012-Jun-16 12:56:56,non,n,,n,o,m,
141,cm,2012,s708,2012-Jun-17 00:04:07,2012-Jun-17 00:32:45,non,n,2012-Jun-17 00:10:43,c,o,f,
142,cm,2012,s708,2012-Jun-17 07:58:13,2012-Jun-17 08:27:56,non,n,2012-Jun-17 08:26:16,c,o,f,
143,cm,2012,s712,2012-Jun-25 22:30:13,2012-Jun-25 22:59:41,ex,y,2012-Jun-25 22:59:41,c,c,m,
143,cm,2012,s712,2012-Jun-25 22:30:13,2012-Jun-25 22:59:41,ex,y,2012-Jun-25 22:59:43,c,o,f,
144,cm,2012,s712,2012-Jun-26 10:54:09,2012-Jun-26 11:24:03,ex,n,2012-Jun-26 11:21:32,c,o,m,
144,cm,2012,s712,2012-Jun-26 10:54:09,2012-Jun-26 11:24:03,ex,n,2012-Jun-26 11:22:03,c,o,m,
144,cm,2012,s712,2012-Jun-26 10:54:09,2012-Jun-26 11:24:03,ex,n,2012-Jun-26 11:22:58,c,o,m,
144,cm,2012,s712,2012-Jun-26 10:54:09,2012-Jun-26 11:24:03,ex,n,2012-Jun-26 11:23:38,c,o,m,
144,cm,2012,s712,2012-Jun-26 10:54:09,2012-Jun-26 11:24:03,ex,n,2012-Jun-26 11:23:47,c,o,m,
144,cm,2012,s712,2012-Jun-26 10:54:09,2012-Jun-26 11:24:03,ex,y,2012-Jun-26 11:23:56,c,o,m,
145,cm,2012,s712,2012-Jun-27 05:15:20,2012-Jun-27 05:44:57,ex,n,,n,o,f,
146,cm,2012,s712,2012-Jun-27 16:06:26,2012-Jun-27 16:36:01,ex,n,2012-Jun-27 16:18:22,c,o,m,
146,cm,2012,s712,2012-Jun-27 16:06:26,2012-Jun-27 16:36:01,ex,n,2012-Jun-27 16:20:36,c,o,m,
146,cm,2012,s712,2012-Jun-27 16:06:26,2012-Jun-27 16:36:01,ex,n,2012-Jun-27 16:25:10,c,o,m,
146,cm,2012,s712,2012-Jun-27 16:06:26,2012-Jun-27 16:36:01,ex,n,2012-Jun-27 16:26:12,f,o,m,
146,cm,2012,s712,2012-Jun-27 16:06:26,2012-Jun-27 16:36:01,ex,n,2012-Jun-27 16:28:32,c,o,m,
146,cm,2012,s712,2012-Jun-27 16:06:26,2012-Jun-27 16:36:01,ex,n,2012-Jun-27 16:31:22,c,o,m,
146,cm,2012,s712,2012-Jun-27 16:06:26,2012-Jun-27 16:36:01,ex,n,2012-Jun-27 16:31:35,c,o,m,
146,cm,2012,s712,2012-Jun-27 16:06:26,2012-Jun-27 16:36:01,ex,n,2012-Jun-27 16:31:56,c,o,m,
146,cm,2012,s712,2012-Jun-27 16:06:26,2012-Jun-27 16:36:01,ex,n,2012-Jun-27 16:36:01,c,o,m,
146,cm,2012,s712,2012-Jun-27 16:06:26,2012-Jun-27 16:36:01,ex,y,2012-Jun-27 16:36:02,c,c,f,
147,cm,2012,s712,2012-Jun-25 20:23:05,2012-Jun-25 20:52:33,non,n,,n,o,f,
148,cm,2012,s712,2012-Jun-26 12:30:05,2012-Jun-26 12:59:59,non,n,,n,o,f,
149,cm,2012,s712,2012-Jun-27 19:03:23,2012-Jun-27 19:33:00,non,n,2012-Jun-27 19:17:19,c,o,f,
150,cm,2012,s712,2012-Jun-27 06:39:27,2012-Jun-27 07:09:02,non,n,2012-Jun-27 06:58:37,c,o,m,
151,cm,2012,s801,2000-Jan-03 08:17:17,2000-Jan-03 08:46:56,ex,n,2000-Jan-03 08:30:16,c,o,f,
152,cm,2012,s801,2000-Jan-03 18:14:05,2000-Jan-03 18:43:36,ex,y,2000-Jan-03 18:43:36,c,c,f,
153,cm,2012,s801,2000-Jan-04 04:10:52,2000-Jan-04 04:40:32,ex,n,2000-Jan-04 04:25:33,c,o,f,
153,cm,2012,s801,2000-Jan-04 04:10:52,2000-Jan-04 04:40:32,ex,n,2000-Jan-04 04:31:00,c,o,f,
154,cm,2012,s801,2012-Jun-21 23:56:13,2012-Jun-22 00:25:59,ex,n,2012-Jun-22 00:10:40,c,o,m,
154,cm,2012,s801,2012-Jun-21 23:56:13,2012-Jun-22 00:25:59,ex,n,2012-Jun-22 00:23:52,c,o,m,
154,cm,2012,s801,2012-Jun-21 23:56:13,2012-Jun-22 00:25:59,ex,n,2012-Jun-22 00:25:18,c,o,m,
155,cm,2012,s801,2012-Jun-22 13:12:04,2012-Jun-22 13:41:21,ex,n,,n,o,f,
156,cm,2012,s801,2012-Jun-23 12:45:37,2012-Jun-23 13:15:15,ex,n,2012-Jun-23 12:45:37,c,o,f,
156,cm,2012,s801,2012-Jun-23 12:45:37,2012-Jun-23 13:15:15,ex,n,2012-Jun-23 12:49:16,c,o,f,
156,cm,2012,s801,2012-Jun-23 12:45:37,2012-Jun-23 13:15:15,ex,n,2012-Jun-23 12:49:18,c,o,f,
156,cm,2012,s801,2012-Jun-23 12:45:37,2012-Jun-23 13:15:15,ex,n,2012-Jun-23 12:57:24,c,o,f,
156,cm,2012,s801,2012-Jun-23 12:45:37,2012-Jun-23 13:15:15,ex,n,2012-Jun-23 13:09:52,c,o,f,
156,cm,2012,s801,2012-Jun-23 12:45:37,2012-Jun-23 13:15:15,ex,n,2012-Jun-23 13:10:55,c,o,f,
157,cm,2012,s801,2000-Jan-03 19:20:00,2000-Jan-03 19:49:39,non,n,2000-Jan-03 19:37:08,c,o,m,
157,cm,2012,s801,2000-Jan-03 19:20:00,2000-Jan-03 19:49:39,non,n,2000-Jan-03 19:37:10,c,o,m,
157,cm,2012,s801,2000-Jan-03 19:20:00,2000-Jan-03 19:49:39,non,n,2000-Jan-03 19:37:12,c,o,m,
158,cm,2012,s801,2000-Jan-04 18:40:00,2000-Jan-04 19:09:40,non,n,2000-Jan-04 18:53:11,c,o,f,
158,cm,2012,s801,2000-Jan-04 18:40:00,2000-Jan-04 19:09:40,non,n,2000-Jan-04 18:57:09,c,o,f,
158,cm,2012,s801,2000-Jan-04 18:40:00,2000-Jan-04 19:09:40,non,n,2000-Jan-04 18:59:30,c,o,f,
158,cm,2012,s801,2000-Jan-04 18:40:00,2000-Jan-04 19:09:40,non,n,2000-Jan-04 19:00:03,c,o,f,
159,cm,2012,s801,2012-Jun-22 02:12:00,2012-Jun-22 02:41:46,non,n,,n,o,f,
160,cm,2012,s801,2012-Jun-22 19:26:00,2012-Jun-22 19:55:17,non,n,2012-Jun-22 19:34:51,c,o,m,
160,cm,2012,s801,2012-Jun-22 19:26:00,2012-Jun-22 19:55:17,non,n,2012-Jun-22 19:33:36,f,o,m,
160,cm,2012,s801,2012-Jun-22 19:26:00,2012-Jun-22 19:55:17,non,n,2012-Jun-22 19:35:15,f,o,m,
160,cm,2012,s801,2012-Jun-22 19:26:00,2012-Jun-22 19:55:17,non,n,2012-Jun-22 19:35:56,c,o,m,
160,cm,2012,s801,2012-Jun-22 19:26:00,2012-Jun-22 19:55:17,non,n,2012-Jun-22 19:35:58,c,o,m,
160,cm,2012,s801,2012-Jun-22 19:26:00,2012-Jun-22 19:55:17,non,n,2012-Jun-22 19:36:02,c,o,m,
160,cm,2012,s801,2012-Jun-22 19:26:00,2012-Jun-22 19:55:17,non,n,2012-Jun-22 19:37:13,f,o,m,
160,cm,2012,s801,2012-Jun-22 19:26:00,2012-Jun-22 19:55:17,non,n,2012-Jun-22 19:38:15,f,o,m,
161,cm,2012,s801,2012-Jun-23 00:56:00,2012-Jun-23 01:25:38,non,n,2012-Jun-23 00:57:29,c,o,f,
162,cm,2012,s805,2000-Jan-08 08:52:20,2000-Jan-08 09:21:57,ex,n,2000-Jan-08 08:52:57,c,o,f,
162,cm,2012,s805,2000-Jan-08 08:52:20,2000-Jan-08 09:21:57,ex,n,2000-Jan-08 09:03:00,c,o,f,
163,cm,2012,s805,2000-Jan-08 21:16:12,2000-Jan-08 21:45:20,ex,n,2000-Jan-08 21:39:29,c,o,m,
163,cm,2012,s805,2000-Jan-08 21:16:12,2000-Jan-08 21:45:20,ex,n,2000-Jan-08 21:44:41,c,o,m,
163,cm,2012,s805,2000-Jan-08 21:16:12,2000-Jan-08 21:45:20,ex,n,2000-Jan-08 21:44:50,c,o,m,
163,cm,2012,s805,2000-Jan-08 21:16:12,2000-Jan-08 21:45:20,ex,n,2000-Jan-08 21:44:55,c,o,m,
163,cm,2012,s805,2000-Jan-08 21:16:12,2000-Jan-08 21:45:20,ex,n,2000-Jan-08 21:45:01,c,o,m,
164,cm,2012,s805,2000-Jan-09 10:16:15,2000-Jan-09 10:45:40,ex,n,,n,o,m,
164,cm,2012,s805,2000-Jan-09 10:16:15,2000-Jan-09 10:45:40,ex,y,2000-Jan-09 10:45:49,c,c,m,
165,cm,2012,s805,2000-Jan-09 23:35:21,2000-Jan-10 00:05:03,ex,n,2000-Jan-10 00:04:43,c,o,m,
166,cm,2012,s805,2000-Jan-10 11:16:04,2000-Jan-10 11:45:27,ex,n,,n,o,f,
167,cm,2012,s805,2000-Jan-08 06:12:00,2000-Jan-08 06:41:37,non,n,2000-Jan-08 06:23:00,c,o,f,
168,cm,2012,s805,2000-Jan-08 07:03:30,2000-Jan-08 07:32:38,non,n,,n,o,f,
169,cm,2012,s805,2000-Jan-09 03:35:00,2000-Jan-09 04:04:34,non,n,,n,o,f,
170,cm,2012,s805,2000-Jan-10 10:16:44,2000-Jan-10 10:46:07,non,n,,n,o,f,
171,cm,2012,s805,2000-Jan-10 12:50:10,2000-Jan-10 13:19:52,non,n,,n,o,m,
172,cm,2012,s817,2012-Jun-18 21:17:31,2012-Jun-18 21:46:56,ex,n,2012-Jun-18 21:45:23,c,o,f,
173,cm,2012,s817,2012-Jun-19 06:49:43,2012-Jun-19 07:18:49,ex,n,,n,o,m,
174,cm,2012,s817,2012-Jun-18 17:09:00,2012-Jun-18 17:38:25,non,n,2012-Jun-18 17:14:47,c,o,f,
174,cm,2012,s817,2012-Jun-18 17:09:00,2012-Jun-18 17:38:25,non,n,2012-Jun-18 17:26:10,c,o,f,
174,cm,2012,s817,2012-Jun-18 17:09:00,2012-Jun-18 17:38:25,non,n,2012-Jun-18 17:26:13,c,o,f,
174,cm,2012,s817,2012-Jun-18 17:09:00,2012-Jun-18 17:38:25,non,n,2012-Jun-18 17:33:50,c,o,f,
174,cm,2012,s817,2012-Jun-18 17:09:00,2012-Jun-18 17:38:25,non,n,2012-Jun-18 17:34:40,c,o,f,
174,cm,2012,s817,2012-Jun-18 17:09:00,2012-Jun-18 17:38:25,non,n,2012-Jun-18 17:34:45,c,o,f,
174,cm,2012,s817,2012-Jun-18 17:09:00,2012-Jun-18 17:38:25,non,n,2012-Jun-18 17:35:40,f,o,f,
175,cm,2012,s817,2012-Jun-19 10:22:00,2012-Jun-19 10:44:06,non,n,,n,o,f,
176,cm,2013,s402,2013-Jun-21 09:01:03,2013-Jun-21 09:30:27,ex,n,2013-Jun-21 09:29:52,c,o,f,
176,cm,2013,s402,2013-Jun-21 09:01:03,2013-Jun-21 09:30:27,ex,n,2013-Jun-21 09:29:54,c,o,f,
176,cm,2013,s402,2013-Jun-21 09:01:03,2013-Jun-21 09:30:27,ex,n,2013-Jun-21 09:30:00,c,o,f,
176,cm,2013,s402,2013-Jun-21 09:01:03,2013-Jun-21 09:30:27,ex,n,2013-Jun-21 09:30:14,c,o,f,
176,cm,2013,s402,2013-Jun-21 09:01:03,2013-Jun-21 09:30:27,ex,y,2013-Jun-21 09:30:27,c,c,m,
177,cm,2013,s402,2013-Jun-21 21:35:41,2013-Jun-21 22:05:01,ex,n,,n,o,m,
178,cm,2013,s402,2013-Jun-21 17:43:00,2013-Jun-21 18:12:24,non,n,2013-Jun-21 17:49:19,c,o,m,
179,cm,2013,s402,2013-Jun-21 22:40:00,2013-Jun-21 23:09:20,non,n,2013-Jun-21 22:43:55,c,o,f,
179,cm,2013,s402,2013-Jun-21 22:40:00,2013-Jun-21 23:09:20,non,n,2013-Jun-21 22:47:21,f,o,f,
179,cm,2013,s402,2013-Jun-21 22:40:00,2013-Jun-21 23:09:20,non,n,2013-Jun-21 22:49:39,c,o,f,
179,cm,2013,s402,2013-Jun-21 22:40:00,2013-Jun-21 23:09:20,non,n,2013-Jun-21 22:49:42,c,o,f,
179,cm,2013,s402,2013-Jun-21 22:40:00,2013-Jun-21 23:09:20,non,n,2013-Jun-21 22:49:47,f,o,f,
179,cm,2013,s402,2013-Jun-21 22:40:00,2013-Jun-21 23:09:20,non,n,2013-Jun-21 22:50:56,c,o,f,
179,cm,2013,s402,2013-Jun-21 22:40:00,2013-Jun-21 23:09:20,non,n,2013-Jun-21 22:51:43,c,o,f,
179,cm,2013,s402,2013-Jun-21 22:40:00,2013-Jun-21 23:09:20,non,n,2013-Jun-21 22:52:02,c,o,f,
179,cm,2013,s402,2013-Jun-21 22:40:00,2013-Jun-21 23:09:20,non,n,2013-Jun-21 22:52:12,c,o,f,
179,cm,2013,s402,2013-Jun-21 22:40:00,2013-Jun-21 23:09:20,non,n,2013-Jun-21 22:52:14,c,o,f,
179,cm,2013,s402,2013-Jun-21 22:40:00,2013-Jun-21 23:09:20,non,n,2013-Jun-21 22:53:34,f,o,f,
179,cm,2013,s402,2013-Jun-21 22:40:00,2013-Jun-21 23:09:20,non,n,2013-Jun-21 22:54:45,c,o,f,
179,cm,2013,s402,2013-Jun-21 22:40:00,2013-Jun-21 23:09:20,non,n,2013-Jun-21 22:54:47,c,o,f,
179,cm,2013,s402,2013-Jun-21 22:40:00,2013-Jun-21 23:09:20,non,n,2013-Jun-21 22:54:51,c,o,f,
179,cm,2013,s402,2013-Jun-21 22:40:00,2013-Jun-21 23:09:20,non,n,2013-Jun-21 22:56:44,f,o,f,
179,cm,2013,s402,2013-Jun-21 22:40:00,2013-Jun-21 23:09:20,non,n,2013-Jun-21 22:58:12,c,o,f,
180,cm,2013,s406,2013-Jun-26 18:14:56,2013-Jun-26 18:44:42,ex,n,,n,o,m,
181,cm,2013,s406,2013-Jun-27 05:26:01,2013-Jun-27 05:55:49,ex,n,,n,o,f,
182,cm,2013,s406,2013-Jun-27 17:03:52,2013-Jun-27 17:33:32,ex,n,NA,NA,NA,NA,sound bad
183,cm,2013,s406,2013-Jun-26 03:48:00,2013-Jun-26 04:17:46,non,n,,n,o,f,
184,cm,2013,s406,2013-Jun-27 11:03:15,2013-Jun-27 11:33:03,non,n,,n,o,m,
185,cm,2013,s406,2013-Jun-27 19:54:00,2013-Jun-27 20:23:40,non,n,,n,o,f,
186,cm,2013,s409,2013-Jun-28 00:33:58,2013-Jun-28 00:58:58,ex,n,2013-Jun-28 00:58:58,c,c,f,
187,cm,2013,s409,2013-Jun-28 12:20:40,2013-Jun-28 12:50:31,ex,n,,n,o,f,
188,cm,2013,s409,2013-Jun-29 00:34:27,2013-Jun-29 01:04:09,ex,n,,n,o,m,
189,cm,2013,s409,2013-Jun-29 13:47:02,2013-Jun-29 14:16:45,ex,n,,n,o,f,
190,cm,2013,s409,2013-Jun-30 01:30:51,2013-Jun-30 02:00:30,ex,n,2013-Jun-30 01:59:10,c,o,m,
190,cm,2013,s409,2013-Jun-30 01:30:51,2013-Jun-30 02:00:30,ex,n,2013-Jun-30 01:59:21,c,o,m,
190,cm,2013,s409,2013-Jun-30 01:30:51,2013-Jun-30 02:00:30,ex,n,2013-Jun-30 02:00:20,c,o,m,
191,cm,2013,s409,2013-Jun-28 07:28:00,2013-Jun-28 07:57:51,non,n,,n,o,f,
192,cm,2013,s409,2013-Jun-28 19:40:20,2013-Jun-28 20:05:20,non,n,,n,o,m,
193,cm,2013,s409,2013-Jun-29 02:26:00,2013-Jun-29 02:55:43,non,n,2013-Jun-29 02:42:06,f,o,f,
194,cm,2013,s409,2013-Jun-29 18:38:06,2013-Jun-29 19:07:48,non,n,,n,o,m,
195,cm,2013,s409,2013-Jun-30 17:00:00,2013-Jun-30 17:29:39,non,n,,n,o,m,
196,cm,2013,s410,2013-Jun-23 20:55:31,2013-Jun-23 21:24:37,ex,n,,n,o,m,"incubating bird left before start of observation, so nest empty until exchange"
197,cm,2013,s410,2013-Jun-24 07:41:08,2013-Jun-24 08:10:05,ex,n,,n,o,f,
296,dt,2013,s410,2013-Jun-24 19:37:13,2013-Jun-24 20:07:02,ex,n,2013-Jun-24 19:46:47,f,o,m,
296,dt,2013,s410,2013-Jun-24 19:37:13,2013-Jun-24 20:07:02,ex,n,2013-Jun-24 20:06:57,c,c,f,
198,cm,2013,s410,2013-Jun-25 06:33:09,2013-Jun-25 07:02:02,ex,n,2013-Jun-25 06:38:28,c,o,f,
199,cm,2013,s410,2013-Jun-23 09:10:00,2013-Jun-23 09:39:06,non,n,,n,o,f,
200,cm,2013,s410,2013-Jun-24 12:25:20,2013-Jun-24 12:55:00,non,n,,n,o,m,
201,cm,2013,s410,2013-Jun-24 19:00:55,2013-Jun-24 19:30:35,non,n,,n,o,m,was previously scored as exchange
202,cm,2013,s410,2013-Jun-24 20:51:00,2013-Jun-24 21:19:57,non,n,,n,o,f,
203,cm,2013,s410,2013-Jun-25 04:46:00,2013-Jun-25 05:14:53,non,n,,n,o,f,
204,cm,2013,s506,2000-Jan-01 00:50:37,2000-Jan-01 01:20:09,ex,n,2000-Jan-01 00:53:23,f,o,m,
204,cm,2013,s506,2000-Jan-01 00:50:37,2000-Jan-01 01:20:09,ex,n,2000-Jan-01 00:56:24,f,o,m,
204,cm,2013,s506,2000-Jan-01 00:50:37,2000-Jan-01 01:20:09,ex,n,2000-Jan-01 01:01:44,f,o,m,
204,cm,2013,s506,2000-Jan-01 00:50:37,2000-Jan-01 01:20:09,ex,n,2000-Jan-01 01:16:57,f,o,m,
204,cm,2013,s506,2000-Jan-01 00:50:37,2000-Jan-01 01:20:09,ex,n,2000-Jan-01 01:19:11,c,o,m,
204,cm,2013,s506,2000-Jan-01 00:50:37,2000-Jan-01 01:20:09,ex,n,2000-Jan-01 01:20:07,c,o,m,
204,cm,2013,s506,2000-Jan-01 00:50:37,2000-Jan-01 01:20:09,ex,n,2000-Jan-01 01:20:09,c,o,m,
205,cm,2013,s506,2000-Jan-01 16:29:41,2000-Jan-01 16:59:35,ex,n,,n,o,f,
206,cm,2013,s506,2000-Jan-01 20:21:57,2000-Jan-01 20:49:39,ex,n,,n,o,m,
207,cm,2013,s506,2000-Jan-01 10:00:00,2000-Jan-01 10:29:54,non,n,2000-Jan-01 10:16:49,f,o,m,
208,cm,2013,s506,2000-Jan-01 06:25:00,2000-Jan-01 06:52:42,non,n,2000-Jan-01 06:29:20,c,o,m,
208,cm,2013,s506,2000-Jan-01 06:25:00,2000-Jan-01 06:52:42,non,n,2000-Jan-01 06:30:00,c,o,m,
208,cm,2013,s506,2000-Jan-01 06:25:00,2000-Jan-01 06:52:42,non,n,2000-Jan-01 06:30:02,c,o,m,
208,cm,2013,s506,2000-Jan-01 06:25:00,2000-Jan-01 06:52:42,non,n,2000-Jan-01 06:30:04,c,o,m,
208,cm,2013,s506,2000-Jan-01 06:25:00,2000-Jan-01 06:52:42,non,n,2000-Jan-01 06:52:39,c,o,m,
209,cm,2013,s506,2000-Jan-01 12:03:04 ,2000-Jan-01 12:32:36,non,n,,n,o,f,
210,cm,2013,s510,2013-Jun-16 01:49:04,2013-Jun-16 02:17:30,ex,n,2013-Jun-16 02:08:17,c,o,f,
210,cm,2013,s510,2013-Jun-16 01:49:04,2013-Jun-16 02:17:30,ex,n,2013-Jun-16 01:58:05,f,o,f,
210,cm,2013,s510,2013-Jun-16 01:49:04,2013-Jun-16 02:17:30,ex,y,2013-Jun-16 02:17:30,c,c,m,
211,cm,2013,s510,2013-Jun-16 14:20:23,2013-Jun-16 14:50:00,ex,n,2013-Jun-16 14:39:38,c,o,m,
212,cm,2013,s510,2013-Jun-17 03:09:37,2013-Jun-17 03:37:36,ex,y,,n,c,m,
213,cm,2013,s510,2013-Jun-18 04:42:19,2013-Jun-18 05:11:41,ex,n,,n,o,f,
214,cm,2013,s510,2013-Jun-18 18:23:13,2013-Jun-18 18:52:39,ex,n,2013-Jun-18 18:42:16,c,o,m,
215,cm,2013,s510,2013-Jun-19 07:38:15,2013-Jun-19 08:07:34,ex,n,,n,o,f,
216,cm,2013,s510,2013-Jun-19 20:45:08,2013-Jun-19 21:14:49,ex,n,,n,o,m,
217,cm,2013,s510,2013-Jun-20 09:28:37,2013-Jun-20 09:58:16,ex,n,,n,o,f,
218,cm,2013,s510,2013-Jun-20 22:57:43,2013-Jun-20 23:27:13,ex,n,,n,o,m,
219,cm,2013,s510,2013-Jun-21 23:42:53,2013-Jun-22 00:12:24,ex,n,,n,o,m,
220,cm,2013,s510,2013-Jun-16 09:54:00,2013-Jun-16 10:22:26,non,n,,n,o,m,
221,cm,2013,s510,2013-Jun-17 10:48:00,2013-Jun-17 11:15:59,non,n,,n,o,m,
222,cm,2013,s510,2013-Jun-18 01:55:08 ,2013-Jun-18 02:24:34,non,n,,n,o,f,
223,cm,2013,s510,2013-Jun-18 15:54:00,2013-Jun-18 16:23:22,non,n,,n,o,m,
224,cm,2013,s510,2013-Jun-19 15:45:00,2013-Jun-19 16:14:41,non,n,,n,o,m,
225,cm,2013,s524,2013-Jun-30 11:52:19,2013-Jun-30 12:21:55,ex,n,,n,o,f,
226,cm,2013,s524,2013-Jul-01 00:12:57,2013-Jul-01 00:42:30,ex,n,2013-Jul-01 00:42:08,c,o,m,
227,cm,2013,s524,2013-Jul-01 12:07:18,2013-Jul-01 12:37:01,ex,n,2013-Jul-01 12:36:18,c,o,f,
227,cm,2013,s524,2013-Jul-01 12:07:18,2013-Jul-01 12:37:01,ex,n,2013-Jul-01 12:18:08,f,o,f,
228,cm,2013,s524,2013-Jun-30 01:04:08,2013-Jun-30 01:33:44,non,n,,n,o,f,
229,cm,2013,s524,2013-Jul-01 07:44:21,2013-Jul-01 08:13:54,non,n,,n,o,f,
230,cm,2013,s524,2013-Jul-01 21:17:00,2013-Jul-01 21:46:43,non,n,2013-Jul-01 21:45:32,f,o,m,
231,cm,2013,s526,2013-Jul-04 20:57:02,2013-Jul-04 21:25:34,ex,n,2013-Jul-04 21:25:34,c,c,f,
231,cm,2013,s526,2013-Jul-04 20:57:02,2013-Jul-04 21:25:34,ex,n,2013-Jul-04 21:26:29,c,o,m,
232,cm,2013,s526,2013-Jul-05 09:46:19,2013-Jul-05 10:15:50,ex,n,,n,o,f,
233,cm,2013,s526,2013-Jul-05 23:26:31,2013-Jul-05 23:56:24,ex,n,,n,o,m,
234,cm,2013,s526,2013-Jul-06 13:47:17,2013-Jul-06 14:16:51,ex,n,,n,o,f,
235,cm,2013,s526,2013-Jul-06 22:16:51,2013-Jul-06 22:46:28,ex,n,,n,o,m,
236,cm,2013,s526,2013-Jul-07 10:46:46,2013-Jul-07 11:16:10,ex,n,,n,o,f,
237,cm,2013,s526,2013-Jul-07 20:49:42,2013-Jul-07 21:19:16,ex,n,2013-Jul-07 20:58:24,c,o,m,
238,cm,2013,s526,2013-Jul-04 11:29:53,2013-Jul-04 11:58:25,non,n,2013-Jul-04 11:40:03,c,o,m,
238,cm,2013,s526,2013-Jul-04 11:29:53,2013-Jul-04 11:58:25,non,n,2013-Jul-04 11:43:36,c,o,m,
239,cm,2013,s526,2013-Jul-05 03:50:12,2013-Jul-05 04:19:43,non,n,2013-Jul-05 04:11:00,c,o,f,
239,cm,2013,s526,2013-Jul-05 03:50:12,2013-Jul-05 04:19:43,non,n,2013-Jul-05 04:11:03,c,o,f,
240,cm,2013,s526,2013-Jul-05 13:02:00,2013-Jul-05 13:31:53,non,n,2013-Jul-05 13:06:13,c,o,m,
240,cm,2013,s526,2013-Jul-05 13:02:00,2013-Jul-05 13:31:53,non,n,2013-Jul-05 13:11:30,c,o,m,
241,cm,2013,s526,2013-Jul-06 03:00:00,2013-Jul-06 03:29:34,non,n,,n,o,f,
242,cm,2013,s526,2013-Jul-06 05:42:22,2013-Jul-06 06:01:59,non,n,,n,o,f,
243,dt,2013,s527,2013-Jul-04 23:24:56,2013-Jul-04 23:54:32,ex,n,2013-Jul-04 23:45:37,f,o,m,
243,dt,2013,s527,2013-Jul-04 23:24:56,2013-Jul-04 23:54:32,ex,n,2013-Jul-04 23:47:02,c,o,m,
243,cm,2013,s527,2013-Jul-04 23:24:56,2013-Jul-04 23:54:32,ex,n,2013-Jul-04 23:47:10,c,o,m,
243,dt,2013,s527,2013-Jul-04 23:24:56,2013-Jul-04 23:54:32,ex,n,2013-Jul-04 23:52:43,c,o,m,
243,dt,2013,s527,2013-Jul-04 23:24:56,2013-Jul-04 23:54:32,ex,n,2013-Jul-04 23:54:18,c,o,m,
244,cm,2013,s527,2013-Jul-05 11:19:26,2013-Jul-05 11:49:18,ex,n,2013-Jul-05 11:48:20,c,o,f,
245,cm,2013,s527,2013-Jul-05 22:33:12,2013-Jul-05 23:02:40 ,ex,n,2013-Jul-05 22:49:42,c,o,m,
245,cm,2013,s527,2013-Jul-05 22:33:12,2013-Jul-05 23:02:40 ,ex,n,2013-Jul-05 23:01:58,c,o,m,
246,cm,2013,s527,2013-Jul-06 12:34:12,2013-Jul-06 13:04:02,ex,n,,n,o,f,
247,cm,2013,s527,2013-Jul-08 05:42:28,2013-Jul-08 06:12:22,ex,n,2013-Jul-08 05:55:33,c,o,f,
247,cm,2013,s527,2013-Jul-08 05:42:28,2013-Jul-08 06:12:22,ex,n,2013-Jul-08 05:50:06,f,o,f,
247,cm,2013,s527,2013-Jul-08 05:42:28,2013-Jul-08 06:12:22,ex,n,2013-Jul-08 05:55:37,c,o,f,
248,cm,2013,s527,2013-Jul-08 20:09:08,2013-Jul-08 20:38:59,ex,n,,n,c,f,nest was empty at start of observation
249,cm,2013,s527,2013-Jul-09 05:06:38,2013-Jul-09 05:36:27,ex,n,2013-Jul-09 05:33:25,c,o,f,
249,cm,2013,s527,2013-Jul-09 05:06:38,2013-Jul-09 05:36:27,ex,n,2013-Jul-09 05:06:48,f,o,f,
249,cm,2013,s527,2013-Jul-09 05:06:38,2013-Jul-09 05:36:27,ex,n,2013-Jul-09 05:07:44,f,o,f,
250,cm,2013,s527,2013-Jul-04 19:22:00,2013-Jul-04 19:51:42,non,n,,n,o,m,
251,cm,2013,s527,2013-Jul-05 13:22:00,2013-Jul-05 13:51:42,non,n,2013-Jul-05 13:23:51,c,o,m,
252,cm,2013,s527,2013-Jul-05 21:31:34,2013-Jul-05 22:01:02,non,n,2013-Jul-05 21:45:46,c,o,m,
252,cm,2013,s527,2013-Jul-05 21:31:34,2013-Jul-05 22:01:02,non,n,2013-Jul-05 21:47:00,c,o,m,
252,cm,2013,s527,2013-Jul-05 21:31:34,2013-Jul-05 22:01:02,non,n,2013-Jul-05 21:47:02,c,o,m,
252,cm,2013,s527,2013-Jul-05 21:31:34,2013-Jul-05 22:01:02,non,n,2013-Jul-05 21:53:20,c,o,m,
252,cm,2013,s527,2013-Jul-05 21:31:34,2013-Jul-05 22:01:02,non,n,2013-Jul-05 21:55:00,c,o,m,
253,cm,2013,s527,2013-Jul-06 09:45:00,2013-Jul-06 10:14:50,non,n,,n,o,f,
254,cm,2013,s527,2013-Jul-08 15:06:20,2013-Jul-08 15:36:14,non,n,2013-Jul-08 15:31:50,c,o,m,
254,cm,2013,s527,2013-Jul-08 15:06:20,2013-Jul-08 15:36:14,non,n,2013-Jul-08 15:32:10,c,o,m,
254,cm,2013,s527,2013-Jul-08 15:06:20,2013-Jul-08 15:36:14,non,n,2013-Jul-08 15:32:55,f,o,m,
255,cm,2013,s608,2000-Jan-01 02:36:12,2000-Jan-01 03:06:05,ex,n,,n,o,m,
256,cm,2013,s608,2000-Jan-01 03:43:13,2000-Jan-01 04:00:42,ex,n,,n,o,f,
257,cm,2013,s608,2000-Jan-01 10:05:55,2000-Jan-01 10:35:31,ex,n,2000-Jan-01 10:20:06,c,o,f,
258,cm,2013,s608,2000-Jan-01 22:01:53,2000-Jan-01 22:30:13,ex,n,2000-Jan-01 22:20:27,c,o,f,
259,cm,2013,s608,2000-Jan-01 01:58:03 ,2000-Jan-01 02:27:56,non,n,,n,o,m,
260,cm,2013,s608,2000-Jan-01 14:02:00  ,2000-Jan-01 14:19:28,non,n,,n,o,m,
261,cm,2013,s608,2000-Jan-01 17:38:25,2000-Jan-01 18:08:01,non,n,2000-Jan-01 17:43:01,c,o,m,
261,cm,2013,s608,2000-Jan-01 17:38:25,2000-Jan-01 18:08:01,non,n,2000-Jan-01 17:56:09,c,o,m,
262,cm,2013,s608,2000-Jan-01 06:48:49,2000-Jan-01 07:17:09,non,n,,n,o,f,
263,cm,2013,s624,2013-Jun-21 08:26:49,2013-Jun-21 08:56:40,ex,n,2013-Jun-21 08:40:05,c,o,f,
263,cm,2013,s624,2013-Jun-21 08:26:49,2013-Jun-21 08:56:40,ex,n,2013-Jun-21 08:40:15,f,o,f,
263,cm,2013,s624,2013-Jun-21 08:26:49,2013-Jun-21 08:56:40,ex,n,2013-Jun-21 08:43:13,c,o,f,
263,cm,2013,s624,2013-Jun-21 08:26:49,2013-Jun-21 08:56:40,ex,n,2013-Jun-21 08:50:42,c,o,f,
263,cm,2013,s624,2013-Jun-21 08:26:49,2013-Jun-21 08:56:40,ex,n,2013-Jun-21 08:50:58,c,o,f,
264,cm,2013,s624,2013-Jun-21 21:01:25,2013-Jun-21 21:31:07,ex,y,2013-Jun-21 21:31:07,c,o,m,
264,cm,2013,s624,2013-Jun-21 21:01:25,2013-Jun-21 21:31:07,ex,y,2013-Jun-21 21:31:09,c,c,f,
265,cm,2013,s624,2013-Jun-22 10:56:14,2013-Jun-22 11:26:03,ex,n,2013-Jun-22 11:14:41,c,o,f,
265,cm,2013,s624,2013-Jun-22 10:56:14,2013-Jun-22 11:26:03,ex,n,2013-Jun-22 11:20:37,c,o,f,
266,cm,2013,s624,2013-Jun-21 10:07:02,2013-Jun-21 10:36:53,non,n,,n,o,m,
267,cm,2013,s624,2013-Jun-21 10:48:00,2013-Jun-21 11:17:42,non,n,2013-Jun-21 11:06:08,c,o,m,
268,cm,2013,s624,2013-Jun-22 03:28:20,2013-Jun-22 03:58:09,non,n,,n,o,f,
269,cm,2013,s702,2013-Jun-18 06:31:39,2013-Jun-18 07:00:35,ex,n,2013-Jun-18 06:59:21,c,o,f,
269,cm,2013,s702,2013-Jun-18 06:31:39,2013-Jun-18 07:00:35,ex,n,2013-Jun-18 07:00:28,c,o,f,
269,cm,2013,s702,2013-Jun-18 06:31:39,2013-Jun-18 07:00:35,ex,y,2013-Jun-18 07:0035,c,c,m,
270,cm,2013,s702,2013-Jun-18 20:44:15,2013-Jun-18 21:13:53,ex,y,2013-Jun-18 21:13:53,c,c,f,
271,cm,2013,s702,2013-Jun-19 08:55:39,2013-Jun-19 09:24:51,ex,n,2013-Jun-19 09:05:40,c,o,f,
271,cm,2013,s702,2013-Jun-19 08:55:39,2013-Jun-19 09:24:51,ex,n,2013-Jun-19 09:24:42,c,o,f,
272,cm,2013,s702,2013-Jun-19 22:42:08,2013-Jun-19 23:10:32,ex,y,2013-Jun-19 23:10:32,c,c,f,
272,cm,2013,s702,2013-Jun-19 22:42:08,2013-Jun-19 23:10:32,ex,y,2013-Jun-19 23:10:34,c,o,m,
273,cm,2013,s702,2013-Jun-20 11:13:02,2013-Jun-20 11:42:21,ex,n,2013-Jun-20 11:42:14,c,o,f,
273,cm,2013,s702,2013-Jun-20 11:13:02,2013-Jun-20 11:42:21,ex,n,2013-Jun-20 11:42:16,c,o,f,
273,cm,2013,s702,2013-Jun-20 11:13:02,2013-Jun-20 11:42:21,ex,n,2013-Jun-20 11:42:18,c,o,f,
273,cm,2013,s702,2013-Jun-20 11:13:02,2013-Jun-20 11:42:21,ex,n,2013-Jun-20 11:42:20,c,o,f,
274,cm,2013,s702,2013-Jun-22 10:49:39,2013-Jun-22 11:19:10,ex,n,,n,o,m,
275,cm,2013,s702,2013-Jun-22 17:04:36,2013-Jun-22 17:33:26,ex,n,,n,o,f,
276,cm,2013,s702,2013-Jun-23 05:56:01,2013-Jun-23 06:25:47,ex,n,,n,o,m,nest is empty at time of observation
277,cm,2013,s702,2013-Jun-18 03:01:42,2013-Jun-18 03:30:38,non,n,2013-Jun-18 03:17:36,c,o,f,
278,cm,2013,s702,2013-Jun-18 12:29:07,2013-Jun-18 12:58:45,non,n,,n,o,m,
279,cm,2013,s702,2013-Jun-19 21:19:41,2013-Jun-19 21:48:05,non,n,,n,o,m,
280,cm,2013,s702,2013-Jun-20 10:29:02,2013-Jun-20 10:58:21,non,n,2013-Jun-20 10:53:21,c,o,f,
280,cm,2013,s702,2013-Jun-20 10:29:02,2013-Jun-20 10:58:21,non,n,2013-Jun-20 10:53:20,c,o,f,
281,cm,2013,s702,2013-Jun-22 15:08:20,2013-Jun-22 15:37:51,non,n,,n,o,f,
282,cm,2013,s805,2013-Jun-24 02:12:52,2013-Jun-24 02:42:15,ex,n,,n,o,f,
283,cm,2013,s805,2013-Jun-24 13:03:53,2013-Jun-24 13:33:14,ex,n,,n,o,m,
284,cm,2013,s805,2013-Jun-25 00:00:48,2013-Jun-25 00:30:32,ex,n,2013-Jun-25 00:29:01,c,o,f,
284,cm,2013,s805,2013-Jun-25 00:00:48,2013-Jun-25 00:30:32,ex,n,2013-Jun-25 00:30:11,c,o,f,
285,cm,2013,s805,2013-Jun-26 22:08:29,2013-Jun-26 22:37:29,ex,n,2013-Jun-26 22:19:35,c,o,m,
286,cm,2013,s805,2013-Jun-27 07:11:45,2013-Jun-27 07:41:28,ex,n,,n,o,f,
287,cm,2013,s805,2013-Jun-27 17:49:16,2013-Jun-27 18:18:52,ex,n,,n,o,m,
288,cm,2013,s805,2013-Jun-28 04:59:31,2013-Jun-28 05:29:03,ex,n,,n,o,f,
289,cm,2013,s805,2013-Jun-28 16:12:28,2013-Jun-28 16:42:03,ex,n,,n,o,m,
290,cm,2013,s805,2013-Jun-29 14:58:08,2013-Jun-29 15:27:27,ex,n,,n,o,m,
291,cm,2013,s805,2013-Jun-24 09:39:04,2013-Jun-24 10:08:25,non,n,,n,o,m,
292,cm,2013,s805,2013-Jun-25 10:31:40,2013-Jun-25 11:01:12,non,n,2013-Jun-25 10:32:05,f,o,m,
292,cm,2013,s805,2013-Jun-25 10:31:40,2013-Jun-25 11:01:12,non,n,2013-Jun-25 10:53:26,c,o,m,
293,cm,2013,s805,2013-Jun-26 16:14:25,2013-Jun-26 16:43:25,non,n,,n,o,m,
294,cm,2013,s805,2013-Jun-27 01:25:35,2013-Jun-27 01:55:05,non,n,,n,o,f,
295,cm,2013,s805,2013-Jun-29 12:58:20 ,2013-Jun-29 13:27:39,non,n,2013-Jun-29 13:10:15,f,o,m,
,,,,,,,,,,,,
,,,,,,,,,,,,
,,,,,,,,,,,,
,,,,,,,,,,,,
,,,,,,,,,,,,
,,,,,,,,,,,,
,,,,,,,,,,,,
,,,,,,,,,,,,
,,,,,,,,,,,,
,,,,,,,,,,,,
,,,,,,,,,,,,
,,,,,,,,,,,,
,,,,,,,,,,,,
,,,,,,,,,,,,
,,,,,,,,,,,,
,,,,,,,,,,,,
,,,,,,,,,,,,
,,,,,,,,,,,,
,,,,,,,,,,,,
,,,,,,,,,,,,
,,,,,,,,,,,,
,,,,,,,,,,,,
,,,,,,,,,,,,
,,,,,,,,,,,,
,,,,,,,,,,,,
,,,,,,,,,,,,
,,,,,,,,,,,,
,,,,,,,,,,,,
,,,,,,,,,,,,
,,,,,,,,,,,,
,,,,,,,,,,,,
,,,,,,,,,,,,
,,,,,,,,,,,,
,,,,,,,,,,,,
,,,,,,,,,,,,
,,,,,,,,,,,,
,,,,,,,,,,,,
,,,,,,,,,,,,
,,,,,,,,,,,,
,,,,,,,,,,,,
,,,,,,,,,,,,
,,,,,,,,,,,,
,,,,,,,,,,,,
,,,,,,,,,,,,
,,,,,,,,,,,,
,,,,,,,,,,,,
,,,,,,,,,,,,
,,,,,,,,,,,,
,,,,,,,,,,,,
,,,,,,,,,,,,
,,,,,,,,,,,,
,,,,,,,,,,,,
,,,,,,,,,,,,
,,,,,,,,,,,,
,,,,,,,,,,,,
,,,,,,,,,,,,
,,,,,,,,,,,,
,,,,,,,,,,,,
,,,,,,,,,,,,
,,,,,,,,,,,,
,,,,,,,,,,,,
,,,,,,,,,,,,
,,,,,,,,,,,,
,,,,,,,,,,,,
,,,,,,,,,,,,
,,,,,,,,,,,,
,,,,,,,,,,,,
,,,,,,,,,,,,
,,,,,,,,,,,,
,,,,,,,,,,,,
,,,,,,,,,,,,
,,,,,,,,,,,,
,,,,,,,,,,,,
,,,,,,,,,,,,
,,,,,,,,,,,,
,,,,,,,,,,,,
,,,,,,,,,,,,
,,,,,,,,,,,,
,,,,,,,,,,,,
,,,,,,,,,,,,
,,,,,,,,,,,,
,,,,,,,,,,,,
,,,,,,,,,,,,
,,,,,,,,,,,,
,,,,,,,,,,,,
,,,,,,,,,,,,
,,,,,,,,,,,,
,,,,,,,,,,,,
,,,,,,,,,,,,
,,,,,,,,,,,,
,,,,,,,,,,,,
,,,,,,,,,,,,
,,,,,,,,,,,,
,,,,,,,,,,,,
,,,,,,,,,,,,
,,,,,,,,,,,,
,,,,,,,,,,,,
,,,,,,,,,,,,
,,,,,,,,,,,,
,,,,,,,,,,,,
,,,,,,,,,,,,
,,,,,,,,,,,,
,,,,,,,,,,,,
,,,,,,,,,,,,
,,,,,,,,,,,,
,,,,,,,,,,,,
,,,,,,,,,,,,
,,,,,,,,,,,,
,,,,,,,,,,,,
,,,,,,,,,,,,
,,,,,,,,,,,,
,,,,,,,,,,,,
,,,,,,,,,,,,
,,,,,,,,,,,,
,,,,,,,,,,,,
,,,,,,,,,,,,
,,,,,,,,,,,,
,,,,,,,,,,,,
,,,,,,,,,,,,
,,,,,,,,,,,,
,,,,,,,,,,,,
,,,,,,,,,,,,
,,,,,,,,,,,,
,,,,,,,,,,,,
,,,,,,,,,,,,
,,,,,,,,,,,,
,,,,,,,,,,,,
,,,,,,,,,,,,
,,,,,,,,,,,,
,,,,,,,,,,,,
,,,,,,,,,,,,
,,,,,,,,,,,,
,,,,,,,,,,,,
,,,,,,,,,,,,
,,,,,,,,,,,,
,,,,,,,,,,,,
,,,,,,,,,,,,
,,,,,,,,,,,,
,,,,,,,,,,,,
,,,,,,,,,,,,
,,,,,,,,,,,,
,,,,,,,,,,,,
,,,,,,,,,,,,
,,,,,,,,,,,,
,,,,,,,,,,,,
,,,,,,,,,,,,
,,,,,,,,,,,,
,,,,,,,,,,,,
,,,,,,,,,,,,
,,,,,,,,,,,,
,,,,,,,,,,,,
,,,,,,,,,,,,
,,,,,,,,,,,,
,,,,,,,,,,,,
,,,,,,,,,,,,
,,,,,,,,,,,,
,,,,,,,,,,,,
,,,,,,,,,,,,
,,,,,,,,,,,,
,,,,,,,,,,,,
,,,,,,,,,,,,
,,,,,,,,,,,,
,,,,,,,,,,,,
,,,,,,,,,,,,
,,,,,,,,,,,,
,,,,,,,,,,,,
,,,,,,,,,,,,
,,,,,,,,,,,,
,,,,,,,,,,,,
,,,,,,,,,,,,
,,,,,,,,,,,,
